,idx,beta,pval,cilb,ciub,i2,tau2
ENSG00000077782.18,19338,-0.455351428126582,0.117646180961274,-1.0257196562195,0.115016799966332,99.3299289118962,1.85121447506132
ENSG00000066468.19,30434,-1.3663946913002,4.35943362344576e-08,-1.85548572233535,-0.877303660265057,98.1985456477932,1.32753434769256
ENSG00000068078.16,12178,-0.146540533280725,0.720871866776123,-0.950400446315056,0.657319379753605,99.1601810754591,3.61277804300676
ENSG00000160867.13,638,-0.360049264801267,0.421704469285998,-1.23834668467587,0.518248155073337,99.4071716670184,4.41747707273141
